{"cameraMode":{"drawMode":0,"name":"Shaded","section":"Shading Mode"},"sceneLighting":false,"audioPlay":false,"sceneViewState":{"showFog":true,"showMaterialUpdate":false,"showSkybox":true,"showFlares":true,"showImageEffects":true,"showParticleSystems":true},"in2DMode":false,"pivot":{"x":5.302364349365234,"y":7.798604965209961,"z":0.31922149658203127},"rotation":{"x":-0.08871016651391983,"y":0.9097835421562195,"z":-0.2579805254936218,"w":-0.3128426969051361},"size":22.88298797607422,"orthographic":false}