{"cameraMode":{"drawMode":0,"name":"Shaded","section":"Shading Mode"},"sceneLighting":false,"audioPlay":false,"sceneViewState":{"showFog":true,"showMaterialUpdate":false,"showSkybox":true,"showFlares":true,"showImageEffects":true,"showParticleSystems":true},"in2DMode":false,"pivot":{"x":1.4716196060180665,"y":2.189533233642578,"z":-1.3531291484832764},"rotation":{"x":-0.0794435366988182,"y":0.821268618106842,"z":-0.1180887222290039,"w":-0.55250483751297},"size":9.049545288085938,"orthographic":false}