{"cameraMode":{"drawMode":0,"name":"Shaded","section":"Shading Mode"},"sceneLighting":true,"audioPlay":false,"sceneViewState":{"showFog":true,"showMaterialUpdate":false,"showSkybox":true,"showFlares":true,"showImageEffects":true,"showParticleSystems":true},"in2DMode":false,"pivot":{"x":-2.187546730041504,"y":31.417558670043947,"z":-44.28181457519531},"rotation":{"x":-0.13698206841945649,"y":0.2301328182220459,"z":-0.03273852542042732,"w":-0.9629138112068176},"size":35.646278381347659,"orthographic":false}