{"cameraMode":{"drawMode":0,"name":"Shaded","section":"Shading Mode"},"sceneLighting":false,"audioPlay":false,"sceneViewState":{"showFog":true,"showMaterialUpdate":false,"showSkybox":true,"showFlares":true,"showImageEffects":true,"showParticleSystems":true},"in2DMode":false,"pivot":{"x":7.934000015258789,"y":2.6893692016601564,"z":-7.320000171661377},"rotation":{"x":-0.29145604372024538,"y":-0.1634027361869812,"z":0.050601642578840259,"w":-0.9411654472351074},"size":7.9730544090271,"orthographic":false}