{"cameraMode":{"drawMode":0,"name":"Shaded","section":"Shading Mode"},"sceneLighting":true,"audioPlay":false,"sceneViewState":{"showFog":true,"showMaterialUpdate":false,"showSkybox":true,"showFlares":true,"showImageEffects":true,"showParticleSystems":true},"in2DMode":false,"pivot":{"x":12.044168472290039,"y":-14.689069747924805,"z":11.749063491821289},"rotation":{"x":-0.545333206653595,"y":-0.07346729189157486,"z":0.04806108772754669,"w":-0.8336092829704285},"size":134.2496337890625,"orthographic":false}